Date,Time,MST Time(s),Distance(V),Load cell (g),Temp.MST(C),Temp. Motor(C),Time Preset
27/05/1964,16:28:22,5.7,0,1,28,30,3599
27/05/1964,16:28:23,6.4,0,2,28,30,3597
27/05/1964,16:28:24,20.3,0,4,28,30.1,3596
27/05/1964,16:28:25,24.6,0,5,28,30.1,3595
27/05/1964,16:28:26,24.8,0,6,28,30.1,3594
27/05/1964,16:28:27,24.9,0,7,28.1,30.2,3593
27/05/1964,16:28:28,26.2,0,8,28.1,30.3,3592
27/05/1964,16:28:29,28.1,0,9,28.2,30.3,3591
27/05/1964,16:28:30,28.2,0,10,28.2,30.3,3590
27/05/1964,16:28:31,28.5,0,11,28.2,30.4,3589
27/05/1964,16:28:32,28.7,0,12,28.2,30.4,3588
27/05/1964,16:28:33,28.9,0,13,28.1,30.4,3587
27/05/1964,16:28:34,29.3,0,14,28.1,30.3,3586
27/05/1964,16:28:35,30,0,15,28.1,30.3,3585
27/05/1964,16:28:36,30.8,0,16,28.1,30.3,3584
27/05/1964,16:28:37,31.4,0,17,28.1,30.3,3583
27/05/1964,16:28:38,31.5,0,18,28.1,30.4,3582
27/05/1964,16:28:39,31.6,0,19,28.1,30.3,3581
27/05/1964,16:28:40,31.7,0,20,28.1,30.4,3580
27/05/1964,16:28:41,31.9,0,21,28.1,30.5,3579
27/05/1964,16:28:42,32.1,0,22,28.1,30.3,3578
27/05/1964,16:28:43,32.3,0,23,28.1,30.3,3577
27/05/1964,16:28:44,32.5,0,24,28.1,30.1,3576
27/05/1964,16:28:45,32.8,0,25,28,30.1,3575
27/05/1964,16:28:46,33.2,0,26,28,29.9,3574
27/05/1964,16:28:47,33.5,0,27,28,29.9,3573
27/05/1964,16:28:48,33.7,0,28,27.9,29.7,3572
27/05/1964,16:28:49,34,0,29,27.9,29.6,3571
27/05/1964,16:28:50,34.3,0,30,27.9,29.4,3570
27/05/1964,16:28:51,34.5,0,31,27.7,29.3,3569
27/05/1964,16:28:52,34.5,0,32,27.7,29.3,3568
27/05/1964,16:28:53,34.6,0,33,27.7,29.1,3567
27/05/1964,16:28:54,34.7,0,34,27.6,29.1,3566
27/05/1964,16:28:55,34.9,0,35,27.6,28.9,3565
27/05/1964,16:28:56,35.1,0,36,27.6,28.9,3564
27/05/1964,16:28:57,35.3,0,37,27.6,28.9,3563
27/05/1964,16:28:58,35.3,0,38,27.4,28.7,3562
27/05/1964,16:28:59,35.4,0,39,27.4,28.6,3561
27/05/1964,16:29:00,35.6,0,40,27.4,28.6,3560
27/05/1964,16:29:01,35.8,0,41,27.1,28.3,3559
27/05/1964,16:29:02,36,0,42,27,28.3,3558
27/05/1964,16:29:03,36.1,0,43,27.1,28.3,3557
27/05/1964,16:29:04,36.3,0,44,27.2,28.5,3556
27/05/1964,16:29:05,36.3,0,45,27.2,28.6,3555
27/05/1964,16:29:06,36.3,0,46,27.2,28.6,3554
27/05/1964,16:29:07,36.4,0,47,27.2,28.6,3553
27/05/1964,16:29:08,36.4,0,48,27.2,28.6,3552
27/05/1964,16:29:09,36.4,0,49,27.2,28.8,3551
27/05/1964,16:29:10,36.5,0,50,27.3,28.8,3550
27/05/1964,16:29:11,36.6,0,51,27.5,29.1,3549
27/05/1964,16:29:12,36.6,0,52,27.6,29.2,3548
27/05/1964,16:29:13,36.6,0,53,27.8,29.3,3547
27/05/1964,16:29:14,36.7,0,54,27.9,29.4,3546
27/05/1964,16:29:15,36.7,0,55,27.9,29.4,3545
27/05/1964,16:29:16,36.7,0,56,27.9,29.5,3544
27/05/1964,16:29:17,36.7,0,57,27.8,29.6,3543
27/05/1964,16:29:18,36.8,0,58,27.9,29.5,3542
27/05/1964,16:29:19,36.7,0,59,27.8,29.5,3541
27/05/1964,16:29:20,36.2,0,60,27.8,29.5,3540
27/05/1964,16:29:21,36.5,0,61,27.9,29.6,3539
27/05/1964,16:29:22,36.6,0,62,27.9,29.7,3538
27/05/1964,16:29:23,36.6,0,63,27.9,29.7,3537
27/05/1964,16:29:24,36.6,0,64,27.9,29.8,3536
27/05/1964,16:29:25,36.7,0,65,27.9,29.8,3535
27/05/1964,16:29:26,36.7,0,66,27.9,29.9,3534
27/05/1964,16:29:27,36.6,0,67,27.9,29.9,3533
27/05/1964,16:29:28,36.6,0,68,28,30,3532
27/05/1964,16:29:29,36.6,0,69,28,30,3531
27/05/1964,16:29:30,36.7,0,70,28.1,30,3530
27/05/1964,16:29:31,36.6,0,71,28.1,30,3529
27/05/1964,16:29:32,36.6,0,72,28.1,30,3528
27/05/1964,16:29:33,36.5,0,73,28.1,30,3527
27/05/1964,16:29:34,36.5,0,74,28.2,30.1,3526
27/05/1964,16:29:35,36.2,0,75,28.3,30.1,3525
27/05/1964,16:29:36,36.1,0,76,28.3,30.2,3524
27/05/1964,16:29:37,36.3,0,77,28.3,30.1,3523
27/05/1964,16:29:38,37,0,78,28.2,30.2,3522
27/05/1964,16:29:39,36.9,0,79,28.1,30.2,3521
27/05/1964,16:29:40,36.3,0,80,28.2,30.3,3520
27/05/1964,16:29:41,35.1,0,81,28.2,30.3,3519
27/05/1964,16:29:42,36.9,0,82,28.2,30.4,3518
27/05/1964,16:29:43,37.2,0,83,28.2,30.4,3517
27/05/1964,16:29:44,37.3,0,84,28.3,30.3,3516
27/05/1964,16:29:45,37.4,0,85,28.3,30.4,3515
27/05/1964,16:29:46,37.8,0,86,28.3,30.4,3514
27/05/1964,16:29:47,36.9,0,87,28.3,30.5,3513
27/05/1964,16:29:48,37.9,0,88,28.3,30.4,3512
27/05/1964,16:29:49,37.1,0,89,28.2,30.4,3511
27/05/1964,16:29:50,38.1,0,90,28.3,30.4,3510
27/05/1964,16:29:51,38.1,0,91,28.3,30.3,3509
27/05/1964,16:29:52,37.8,0.27,92,28.2,30.2,3508
27/05/1964,16:29:53,38,0,93,28.2,30.1,3507
27/05/1964,16:29:54,37.9,0,94,28.2,30,3506
27/05/1964,16:29:55,38.2,0,95,28.2,29.9,3505
27/05/1964,16:29:56,37.5,0,96,28.1,29.8,3504
27/05/1964,16:29:57,38.3,0,97,28,29.7,3503
27/05/1964,16:29:58,38.3,0,98,28,29.5,3502
27/05/1964,16:29:59,38.1,0,99,27.9,29.4,3501
27/05/1964,16:30:00,37.9,0,100,27.8,29.4,3500
27/05/1964,16:30:01,37.4,0,101,27.8,29.3,3499
27/05/1964,16:30:02,36.3,0,102,27.4,28.9,3498
27/05/1964,16:30:03,38,0,103,27.4,28.9,3497
27/05/1964,16:30:04,37.8,0,104,27.4,28.9,3496
27/05/1964,16:30:05,32,0,105,27.4,28.7,3495
27/05/1964,16:30:06,31.6,0,106,27.4,28.7,3494
27/05/1964,16:30:07,32,0,107,27.4,28.7,3493
27/05/1964,16:30:08,32.2,0,108,27.4,28.7,3492
27/05/1964,16:30:09,31.1,0,109,27.4,28.7,3491
27/05/1964,16:30:10,32,0,110,27.4,28.7,3490
27/05/1964,16:30:11,34.3,0,111,27.4,28.7,3489
27/05/1964,16:30:12,31.4,0,112,27.3,28.5,3488
27/05/1964,16:30:13,32.1,0,113,27.3,28.6,3487
27/05/1964,16:30:14,32.6,0,114,27.4,28.8,3486
27/05/1964,16:30:15,33.9,0,115,27.5,28.9,3485
27/05/1964,16:30:16,32.3,0,116,27.4,29,3484
27/05/1964,16:30:17,32.2,0,117,27.5,29.1,3483
27/05/1964,16:30:18,33,0,118,27.5,29.2,3482
27/05/1964,16:30:19,31.6,0,119,27.6,29.3,3481
27/05/1964,16:30:20,32.1,0,120,27.5,29.4,3480
27/05/1964,16:30:21,32.1,0,121,27.5,29.5,3479
27/05/1964,16:30:22,32.8,0,122,27.8,29.7,3478
27/05/1964,16:30:23,32.1,0,123,27.8,29.7,3477
27/05/1964,16:30:24,31.6,0,124,27.9,29.8,3476
27/05/1964,16:30:25,30.8,0,125,27.9,29.9,3475
27/05/1964,16:30:26,30.6,0,126,27.9,29.8,3474
27/05/1964,16:30:27,31.6,0,127,28,29.9,3473
27/05/1964,16:30:28,31.8,0,128,28,29.9,3472
27/05/1964,16:30:29,31.5,0,129,28,29.9,3471
27/05/1964,16:30:30,32.1,0,130,28.1,30,3470
27/05/1964,16:30:31,33.3,0,131,28.1,30.1,3469
27/05/1964,16:30:32,32.3,0,132,28.2,30.2,3468
27/05/1964,16:30:33,31.6,0,133,28.2,30.2,3467
27/05/1964,16:30:34,30.9,0,134,28.1,30.2,3466
27/05/1964,16:30:35,31.4,0,135,28.1,30.2,3465
27/05/1964,16:30:36,31.9,0,136,28.1,30.2,3464
27/05/1964,16:30:37,31.4,0,137,28.1,30.2,3463
27/05/1964,16:30:38,32.3,0,138,28.2,30.2,3462
27/05/1964,16:30:39,30.8,0,139,28.3,30.2,3461
27/05/1964,16:30:41,31.3,0,140,28.4,30.2,3460
27/05/1964,16:30:41,31.8,0,141,28.3,30.3,3459
27/05/1964,16:30:42,31.6,0,142,28.3,30.3,3458
27/05/1964,16:30:43,31.8,0,143,28.3,30.4,3457
27/05/1964,16:30:44,31.1,0,144,28.4,30.4,3456
27/05/1964,16:30:45,31.7,0,145,28.4,30.4,3455
27/05/1964,16:30:46,31.4,0,146,28.5,30.5,3454
27/05/1964,16:30:47,31.3,0,147,28.4,30.5,3453
27/05/1964,16:30:48,31.7,0,148,28.6,30.5,3452
27/05/1964,16:30:49,30.9,0,149,28.8,30.5,3451
27/05/1964,16:30:50,31.8,0,150,28.8,30.5,3450
27/05/1964,16:30:51,30.8,0,151,28.7,30.5,3449
27/05/1964,16:30:52,30.4,0,152,28.7,30.5,3448
27/05/1964,16:30:53,30.4,0,153,28.6,30.4,3447
27/05/1964,16:30:54,30.9,0,154,28.6,30.3,3446
27/05/1964,16:30:55,30.8,0,155,28.5,30.2,3445
27/05/1964,16:30:56,30.6,0,156,28.4,30,3444
27/05/1964,16:30:57,30.5,0,157,28.3,30,3443
27/05/1964,16:30:58,32.1,0,158,28.3,29.8,3442
27/05/1964,16:30:59,32,0,159,28.2,29.8,3441
27/05/1964,16:31:00,32.1,0,160,28.1,29.7,3440
27/05/1964,16:31:01,30.7,0,161,28.1,29.6,3439
27/05/1964,16:31:02,30.8,0,162,27.9,29.6,3438
27/05/1964,16:31:03,30.7,0,163,27.9,29.3,3437
27/05/1964,16:31:04,30.9,0,164,27.8,29.3,3436
27/05/1964,16:31:05,30.6,0,165,27.8,29.2,3435
27/05/1964,16:31:06,31.3,0,166,27.8,29.1,3434
27/05/1964,16:31:07,31.2,0,167,27.8,29,3433
27/05/1964,16:31:08,32.2,0,168,27.8,29,3432
27/05/1964,16:31:09,31.1,0,169,27.7,29,3431
27/05/1964,16:31:10,31.6,0,170,27.7,29,3430
27/05/1964,16:31:11,31.6,0,171,27.7,28.9,3429
27/05/1964,16:31:12,31.5,0,172,27.7,28.9,3428
27/05/1964,16:31:13,31.2,0,173,27.6,28.8,3427
27/05/1964,16:31:14,32,0,174,27.7,28.9,3426
27/05/1964,16:31:15,31.9,0,175,27.7,28.9,3425
27/05/1964,16:31:17,32.1,0,176,27.7,29,3424
27/05/1964,16:31:18,32,0,177,27.7,29.1,3423
27/05/1964,16:31:19,32,0,178,27.9,29.1,3422
27/05/1964,16:31:20,32.2,0,179,27.9,29.2,3421
27/05/1964,16:31:21,31.9,0,180,28,29.2,3420
27/05/1964,16:31:22,31.9,0,181,28,29.3,3419
27/05/1964,16:31:23,31.9,0,182,27.9,29.4,3418
27/05/1964,16:31:24,32.1,0,183,28,29.5,3417
27/05/1964,16:31:25,32.4,0,184,28.1,29.6,3416
27/05/1964,16:31:26,32.2,0,185,28,29.7,3415
27/05/1964,16:31:27,31,0,186,28.1,29.7,3414
27/05/1964,16:31:28,31.6,0,187,28.1,29.8,3413
27/05/1964,16:31:29,31.4,0,188,28,29.9,3412
27/05/1964,16:31:30,31.9,0,189,28.1,29.9,3411
27/05/1964,16:31:31,31.4,0,190,28.1,29.9,3410
27/05/1964,16:31:32,31.8,0,191,28.1,30,3409
27/05/1964,16:31:33,32.3,0,192,28.1,30,3408
27/05/1964,16:31:34,32.3,0,193,28.2,30.2,3407
27/05/1964,16:31:35,32.4,0,194,28.3,30.2,3406
27/05/1964,16:31:36,31.8,0,195,28.2,30.2,3405
27/05/1964,16:31:37,33.2,0,196,28.1,30.3,3404
27/05/1964,16:31:38,31.9,0,197,28.3,30.3,3403
27/05/1964,16:31:39,32.2,0,198,28.4,30.3,3402
27/05/1964,16:31:40,31.7,0,199,28.3,30.3,3401
27/05/1964,16:31:41,32.8,0,200,28.2,30.2,3400
27/05/1964,16:31:42,33.1,0,201,28.2,30.2,3399
27/05/1964,16:31:43,32.1,0,202,28.2,30.2,3398
27/05/1964,16:31:44,33.1,0,203,28.3,30.2,3397
27/05/1964,16:31:45,32.1,0,204,28.3,30.2,3396
27/05/1964,16:31:46,31.8,0,205,28.4,30.2,3395
27/05/1964,16:31:47,32.4,0,206,28.3,30.2,3394
27/05/1964,16:31:48,32.2,0,207,28.3,30.3,3393
27/05/1964,16:31:49,32.2,0,208,28.3,30.3,3392
27/05/1964,16:31:49,31.9,0,209,28.3,30.4,3391
27/05/1964,16:31:50,32,0,210,28.4,30.5,3390
27/05/1964,16:31:51,32.2,0,211,28.3,30.5,3389
27/05/1964,16:31:52,31.9,0,212,28.3,30.5,3388
27/05/1964,16:31:53,32.2,0,213,28.4,30.4,3387
27/05/1964,16:31:54,31.9,0,214,28.4,30.3,3386
27/05/1964,16:31:56,32.1,0,215,28.4,30.2,3385
27/05/1964,16:31:57,32.4,0,216,28.3,30.1,3384
27/05/1964,16:31:58,32.5,0,217,28.2,30,3383
27/05/1964,16:31:59,32.1,0,218,28.2,29.9,3382
27/05/1964,16:32:00,32.1,0,219,28.2,29.7,3381
27/05/1964,16:32:01,32.3,0,220,28.1,29.7,3380
27/05/1964,16:32:02,32,0,221,28,29.7,3379
27/05/1964,16:32:03,32.3,0,222,28,29.5,3378
27/05/1964,16:32:04,32.1,0,223,27.6,29.1,3377
27/05/1964,16:32:05,31.7,0,224,27.7,29.1,3376
27/05/1964,16:32:06,32.2,0,225,27.7,29.1,3375
27/05/1964,16:32:07,31.7,0,226,27.7,29.1,3374
27/05/1964,16:32:08,31.8,0,227,27.6,29.1,3373
27/05/1964,16:32:09,32.2,0,228,27.6,28.9,3372
27/05/1964,16:32:10,32.3,0,229,27.6,28.9,3371
27/05/1964,16:32:11,32.3,0,230,27.6,28.9,3370
27/05/1964,16:32:12,31.8,0,231,27.6,28.8,3369
27/05/1964,16:32:13,32,0,232,27.6,28.7,3368
27/05/1964,16:32:14,31.7,0,233,27.5,28.6,3367
27/05/1964,16:32:15,32,0,234,27.5,28.6,3366
27/05/1964,16:32:16,31.8,0,235,27.5,28.7,3365
27/05/1964,16:32:17,32.1,0,236,27.5,28.8,3364
27/05/1964,16:32:18,32,0,237,27.5,28.8,3363
27/05/1964,16:32:19,31.8,0.27,238,27.6,28.8,3362
27/05/1964,16:32:20,32.2,0,239,27.6,28.9,3361
27/05/1964,16:32:21,32,0,240,27.6,29,3360
27/05/1964,16:32:22,32,0,241,27.6,29,3359
27/05/1964,16:32:23,31.8,0,242,27.6,29,3358
27/05/1964,16:32:24,31.7,0,243,27.9,29.3,3357
27/05/1964,16:32:25,31.9,0,244,27.9,29.3,3356
27/05/1964,16:32:26,32.1,0,245,28,29.4,3355
27/05/1964,16:32:27,31.9,0,246,28,29.5,3354
27/05/1964,16:32:28,32.3,0,247,28,29.5,3353
27/05/1964,16:32:29,32.2,0,248,28,29.5,3352
27/05/1964,16:32:30,31.8,0,249,28,29.6,3351
27/05/1964,16:32:31,32.2,0,250,28,29.7,3350
27/05/1964,16:32:32,32.3,0,251,28,29.7,3349
27/05/1964,16:32:33,32.3,0,252,28,29.7,3348
27/05/1964,16:32:34,31.9,0,253,28,29.7,3347
27/05/1964,16:32:35,31.8,0,254,28,29.7,3346
27/05/1964,16:32:36,32.4,0,255,28.1,29.8,3345
27/05/1964,16:32:37,32.4,0,256,28,29.7,3344
27/05/1964,16:32:38,32.1,0,257,28,29.8,3343
27/05/1964,16:32:39,31.9,0,258,28,29.8,3342
27/05/1964,16:32:40,32.1,0,259,28.1,29.8,3341
27/05/1964,16:32:41,32,0,260,28.1,29.9,3340
27/05/1964,16:32:42,32.2,0,261,28.1,29.9,3339
27/05/1964,16:32:43,32.4,0,262,28.1,29.9,3338
27/05/1964,16:32:44,32.2,0,263,28.2,29.9,3337
27/05/1964,16:32:45,32,0,264,28.3,30.1,3336
27/05/1964,16:32:46,31.9,0,265,28.3,30.2,3335
27/05/1964,16:32:47,32.2,0,266,28.3,30.2,3334
27/05/1964,16:32:48,32.1,0,267,28.3,30.1,3333
27/05/1964,16:32:49,31.9,0,268,28.3,30.2,3332
27/05/1964,16:32:50,32.1,0,269,28.4,30.2,3331
27/05/1964,16:32:51,32.5,0,270,28.5,30.2,3330
27/05/1964,16:32:52,31.9,0,271,28.4,30.2,3329
27/05/1964,16:32:53,32.4,0,272,28.4,30.1,3328
27/05/1964,16:32:54,32.3,0,273,28.4,30.1,3327
27/05/1964,16:32:55,32.2,0,274,28.4,30.2,3326
27/05/1964,16:32:56,32.4,0,275,28.5,30.1,3325
27/05/1964,16:32:57,32.3,0,276,28.5,30.2,3324
27/05/1964,16:32:58,32.1,0,277,28.5,30.2,3323
27/05/1964,16:32:59,31.6,0,278,28.5,30.2,3322
27/05/1964,16:33:00,32.1,0,279,28.4,30.2,3321
27/05/1964,16:33:01,32.2,0,280,28.5,30.2,3320
27/05/1964,16:33:02,32.5,0,281,28.4,30.2,3319
27/05/1964,16:33:03,32,0,282,28.3,30.2,3318
27/05/1964,16:33:04,32.3,0,283,28.3,30.2,3317
27/05/1964,16:33:05,32.2,0,284,28.3,30.2,3316
27/05/1964,16:33:06,32.3,0,285,28.3,30.1,3315
27/05/1964,16:33:07,32.1,0,286,28.3,30,3314
27/05/1964,16:33:08,32.6,0,287,28.3,29.9,3313
27/05/1964,16:33:09,32,0,288,28.2,29.8,3312
27/05/1964,16:33:10,32.1,0,289,28.1,29.8,3311
27/05/1964,16:33:11,31.7,0,290,28.1,29.7,3310
27/05/1964,16:33:12,32.1,0,291,28.2,29.6,3309
27/05/1964,16:33:13,32.2,0,292,28.1,29.5,3308
27/05/1964,16:33:14,32,0,293,28.1,29.5,3307
27/05/1964,16:33:15,31.8,0,294,28,29.3,3306
27/05/1964,16:33:16,31.8,0,295,28,29.2,3305
27/05/1964,16:33:17,32.1,0,296,27.9,29.1,3304
27/05/1964,16:33:18,31.8,0,297,28,29.2,3303
27/05/1964,16:33:19,31.9,0,298,27.9,29.2,3302
27/05/1964,16:33:20,32,0,299,27.9,29,3301
27/05/1964,16:33:21,31.7,0,300,27.8,29,3300
27/05/1964,16:33:22,31.6,0,301,27.8,28.9,3299
27/05/1964,16:33:23,31.8,0,302,27.8,28.9,3298
27/05/1964,16:33:24,32.1,0,303,27.8,28.9,3297
27/05/1964,16:33:25,32.1,0,304,27.7,28.8,3296
27/05/1964,16:33:26,32.2,0,305,27.6,28.8,3295
27/05/1964,16:33:27,31.9,0,306,27.6,28.9,3294
27/05/1964,16:33:28,32,0,307,27.7,28.9,3293
27/05/1964,16:33:29,32,0,308,27.8,29,3292
27/05/1964,16:33:30,31.7,0,309,27.9,29.1,3291
27/05/1964,16:33:31,31.7,0,310,27.8,29.1,3290
27/05/1964,16:33:32,31.4,0,311,27.8,29.3,3289
27/05/1964,16:33:33,37.6,0,312,27.8,29.4,3287
27/05/1964,16:33:34,37.8,0,314,27.8,29.4,3286
27/05/1964,16:33:35,37.3,0,315,27.9,29.5,3285
27/05/1964,16:33:36,37.4,0,316,27.9,29.5,3284
27/05/1964,16:33:37,37.3,0,317,27.9,29.5,3283
27/05/1964,16:33:38,37.1,0,318,28,29.5,3282
27/05/1964,16:33:39,37.7,0,319,27.9,29.6,3281
27/05/1964,16:33:40,37.4,0,320,27.9,29.6,3280
27/05/1964,16:33:41,38.2,0,321,27.9,29.7,3279
27/05/1964,16:33:42,38.2,0,322,28,29.7,3278
27/05/1964,16:33:43,37.8,0,323,28,29.7,3277
27/05/1964,16:33:44,37.8,0,324,28.1,29.6,3276
27/05/1964,16:33:45,37.3,0,325,28.2,29.8,3275
27/05/1964,16:33:46,37.7,0,326,28.2,29.8,3274
27/05/1964,16:33:47,38.1,0,327,28.1,29.8,3273
27/05/1964,16:33:48,37.8,0,328,28.2,29.8,3272
27/05/1964,16:33:49,36.8,0,329,28.1,29.8,3271
27/05/1964,16:33:50,38,0,330,28.2,29.8,3270
27/05/1964,16:33:51,38,0,331,28.1,29.8,3269
27/05/1964,16:33:52,38.1,0,332,28.2,29.8,3268
27/05/1964,16:33:53,37.9,0,333,28.2,29.8,3267
27/05/1964,16:33:54,37.9,0,334,28.2,29.9,3266
27/05/1964,16:33:55,37.6,0,335,28.2,30,3265
27/05/1964,16:33:56,38.1,0,336,28.2,30,3264
27/05/1964,16:33:57,38,0,337,28.2,30,3263
27/05/1964,16:33:58,38.1,0,338,28.3,29.9,3262
27/05/1964,16:33:59,37.7,0,339,28.2,29.9,3261
27/05/1964,16:34:00,38.1,0,340,28.2,29.9,3260
27/05/1964,16:34:01,37.7,0,341,28.2,29.9,3259
27/05/1964,16:34:02,38.2,0,342,28.2,29.8,3258
27/05/1964,16:34:03,38,0,343,28.3,29.8,3257
27/05/1964,16:34:04,38.3,0,344,28.3,29.9,3256
27/05/1964,16:34:05,38.3,0,345,28.3,29.9,3255
27/05/1964,16:34:06,38.2,0,346,28.2,29.9,3254
27/05/1964,16:34:07,37.9,0,347,28.3,30,3253
27/05/1964,16:34:08,38.6,0,348,28.3,30,3252
27/05/1964,16:34:09,38.2,0,349,28.3,30.1,3251
27/05/1964,16:34:10,38.3,0,350,28.3,30.1,3250
27/05/1964,16:34:11,38.3,0,351,28.3,30.2,3249
27/05/1964,16:34:12,38.3,0,352,28.3,30.2,3248
27/05/1964,16:34:13,38.5,0,353,28.3,30.2,3247
27/05/1964,16:34:14,38,0,354,28.3,30.2,3246
27/05/1964,16:34:15,38.4,0,355,28.3,30.2,3245
27/05/1964,16:34:16,38.9,0,356,28.4,30.2,3244
27/05/1964,16:34:17,37.4,0,357,28.4,30.3,3243
27/05/1964,16:34:18,38,0,358,28.5,30.3,3242
27/05/1964,16:34:19,38.2,0,359,28.6,30.3,3241
27/05/1964,16:34:20,38.3,0,360,28.5,30.3,3240
27/05/1964,16:34:21,38.3,0,361,28.5,30.4,3239
27/05/1964,16:34:22,38,0,362,28.6,30.3,3238
27/05/1964,16:34:23,39.1,0,363,28.6,30.4,3237
27/05/1964,16:34:24,38.4,0,364,28.5,30.4,3236
27/05/1964,16:34:25,38.2,0,365,28.5,30.4,3235
27/05/1964,16:34:26,38,0,366,28.6,30.4,3234
27/05/1964,16:34:27,38.1,0,367,28.6,30.4,3233
27/05/1964,16:34:28,38.7,0,368,28.6,30.3,3232
27/05/1964,16:34:29,38.9,0,369,28.5,30.3,3231
27/05/1964,16:34:30,38.4,0,370,28.5,30.2,3230
27/05/1964,16:34:31,37.9,0,371,28.5,30.1,3229
27/05/1964,16:34:32,38.6,0,372,28.4,30,3228
27/05/1964,16:34:33,39.3,0,373,28.4,29.9,3227
27/05/1964,16:34:34,39.2,0,374,28.3,29.7,3226
27/05/1964,16:34:35,38.1,0,375,28.3,29.7,3225
27/05/1964,16:34:36,38.6,0,376,28.1,29.5,3224
27/05/1964,16:34:37,38.3,0,377,28.1,29.5,3223
27/05/1964,16:34:38,38.9,0,378,28.1,29.3,3222
27/05/1964,16:34:39,38.3,0,379,28,29.3,3221
27/05/1964,16:34:40,38.8,0,380,28,29.3,3220
27/05/1964,16:34:41,38.8,0,381,28,29.2,3219
27/05/1964,16:34:42,37.7,0,382,27.9,29.1,3218
27/05/1964,16:34:43,39.3,0,383,27.9,29.1,3217
27/05/1964,16:34:44,38.8,0.27,384,27.9,29,3216
27/05/1964,16:34:45,38,0,385,27.9,28.9,3215
27/05/1964,16:34:46,37.5,0,386,27.5,28.7,3214
27/05/1964,16:34:47,38.8,0,387,27.5,28.6,3213
27/05/1964,16:34:48,39.4,0,388,27.5,28.6,3212
27/05/1964,16:34:49,39,0,389,27.5,28.6,3211
27/05/1964,16:34:50,38,0,390,27.5,28.6,3210
27/05/1964,16:34:51,38.6,0,391,27.6,28.8,3209
27/05/1964,16:34:52,38.4,0,392,27.8,28.8,3208
27/05/1964,16:34:53,38.1,0,393,27.8,28.9,3207
27/05/1964,16:34:54,38.2,0,394,27.8,29,3206
27/05/1964,16:34:55,38.6,0,395,27.8,29,3205
27/05/1964,16:34:56,38.7,0,396,28,29.2,3204
27/05/1964,16:34:57,38.3,0,397,28.1,29.3,3203
27/05/1964,16:34:58,38.7,0,398,28.1,29.3,3202
27/05/1964,16:34:59,39.4,0,399,28.1,29.4,3201
27/05/1964,16:35:00,38.8,0,400,28.2,29.5,3200
27/05/1964,16:35:01,38.9,0,401,28.2,29.5,3199
27/05/1964,16:35:02,39.2,0.27,402,28.2,29.5,3198
27/05/1964,16:35:03,38.9,0,403,28.3,29.7,3197
27/05/1964,16:35:04,38.9,0,404,28.6,29.7,3196
27/05/1964,16:35:05,38.9,0,405,28.6,29.8,3195
27/05/1964,16:35:06,39.4,0,406,28.5,29.9,3194
27/05/1964,16:35:07,39.3,0,407,28.6,29.9,3193
27/05/1964,16:35:08,39,0,408,28.5,29.9,3192
27/05/1964,16:35:09,38.4,0,409,28.4,29.9,3191
27/05/1964,16:35:10,39.4,0,410,28.5,29.9,3190
27/05/1964,16:35:11,39,0,411,28.4,29.9,3189
27/05/1964,16:35:12,39.3,0,412,28.7,29.9,3188
27/05/1964,16:35:13,39.6,0.27,413,28.6,29.9,3187
27/05/1964,16:35:14,39.9,0,414,28.6,29.9,3186
27/05/1964,16:35:15,39.8,0,415,28.7,29.9,3185
27/05/1964,16:35:16,39.3,0,416,28.8,30.1,3184
27/05/1964,16:35:17,38.9,0,417,28.8,30.1,3183
27/05/1964,16:35:18,39.5,0,418,28.7,30.2,3182
27/05/1964,16:35:19,38.4,0,419,28.7,30.2,3181
27/05/1964,16:35:20,39.4,0,420,28.6,30.2,3180
27/05/1964,16:35:21,38.7,0,421,28.6,30.2,3179
27/05/1964,16:35:22,39.8,0,422,28.6,30.2,3178
27/05/1964,16:35:23,38.9,0,423,28.4,30,3177
27/05/1964,16:35:24,38.7,0.27,424,28.5,30,3176
27/05/1964,16:35:25,38.7,0,425,28.5,30,3175
27/05/1964,16:35:26,39,0,426,28.4,30,3174
27/05/1964,16:35:27,39.4,0,427,28.4,30,3173
27/05/1964,16:35:28,39.6,0,428,28.4,30,3172
27/05/1964,16:35:29,38.8,0,429,28.4,30,3171
27/05/1964,16:35:30,38.5,0,430,28.4,30,3170
27/05/1964,16:35:31,39.2,0,431,28.3,30,3169
27/05/1964,16:35:32,39.2,0,432,28.4,30,3168
27/05/1964,16:35:33,39.6,0,433,28.5,30,3167
27/05/1964,16:35:34,38.4,0,434,28.5,30,3166
27/05/1964,16:35:35,39.3,0,435,28.5,30.1,3165
27/05/1964,16:35:36,39.5,0,436,28.5,30.2,3164
27/05/1964,16:35:37,39.4,0,437,28.5,30.2,3163
27/05/1964,16:35:38,39.2,0,438,28.5,30.2,3162
27/05/1964,16:35:39,39.4,0,439,28.5,30.2,3161
27/05/1964,16:35:40,38.6,0,440,28.5,30.2,3160
27/05/1964,16:35:41,39.4,0,441,28.5,30.2,3159
27/05/1964,16:35:42,39.8,0,442,28.5,30.2,3158
27/05/1964,16:35:43,39.6,0,443,28.6,30.2,3157
27/05/1964,16:35:44,39.8,0,444,28.7,30.2,3156
27/05/1964,16:35:45,40,0,445,28.7,30.3,3155
27/05/1964,16:35:46,39.3,0,446,28.6,30.3,3154
27/05/1964,16:35:47,39.5,0,447,28.8,30.3,3153
27/05/1964,16:35:48,39.9,0,448,28.8,30.3,3152
27/05/1964,16:35:49,39.7,0,449,28.8,30.4,3151
27/05/1964,16:35:50,38.4,0,450,28.8,30.5,3150
27/05/1964,16:35:51,39,0,451,28.8,30.4,3149
27/05/1964,16:35:52,40,0,452,28.8,30.3,3148
27/05/1964,16:35:53,38.9,0,453,28.7,30.1,3147
27/05/1964,16:35:54,39.5,0,454,28.6,30,3146
27/05/1964,16:35:55,40,0,455,28.5,30,3145
27/05/1964,16:35:56,39.9,0,456,28.5,29.9,3144
27/05/1964,16:35:57,39.1,0,457,28.3,29.7,3143
27/05/1964,16:35:58,39.2,0,458,28.3,29.6,3142
27/05/1964,16:35:59,39.7,0,459,28.3,29.6,3141
27/05/1964,16:36:00,38.3,0,460,28.2,29.6,3140
27/05/1964,16:36:01,39.9,0,461,28.2,29.5,3139
27/05/1964,16:36:02,39.7,0,462,28.1,29.4,3138
27/05/1964,16:36:03,38.9,0,463,28.1,29.4,3137
27/05/1964,16:36:04,39,0,464,28.1,29.3,3136
27/05/1964,16:36:05,39.9,0,465,28.1,29.2,3135
27/05/1964,16:36:06,39.8,0,466,28.1,29.2,3134
27/05/1964,16:36:07,40,0,467,27.9,28.9,3133
27/05/1964,16:36:08,40,0,468,27.9,28.9,3132
27/05/1964,16:36:09,38.4,0,469,27.9,28.9,3131
27/05/1964,16:36:10,39.3,0,470,27.9,28.9,3130
27/05/1964,16:36:11,39.5,0,471,27.9,28.9,3129
27/05/1964,16:36:12,39.7,0,472,27.9,28.9,3128
27/05/1964,16:36:13,39.5,0,473,28,29,3127
27/05/1964,16:36:14,39.1,0,474,28,29,3126
27/05/1964,16:36:15,39.1,0,475,28,29.1,3125
27/05/1964,16:36:16,40.3,0,476,28,29.2,3124
27/05/1964,16:36:17,40,0,477,28.2,29.3,3123
27/05/1964,16:36:18,39.5,0,478,28.2,29.4,3122
27/05/1964,16:36:19,39.8,0,479,28.2,29.4,3121
27/05/1964,16:36:20,40.1,0,480,28.1,29.5,3120
27/05/1964,16:36:21,40,0,481,28.2,29.5,3119
27/05/1964,16:36:22,38.9,0,482,28.2,29.5,3118
27/05/1964,16:36:23,39.1,0,483,28.2,29.6,3117
27/05/1964,16:36:24,38.5,0,484,28.2,29.7,3116
27/05/1964,16:36:25,40.2,0,485,28.2,29.7,3115
27/05/1964,16:36:26,40.5,0,486,28.2,29.7,3114
27/05/1964,16:36:27,40.1,0,487,28.2,29.7,3113
27/05/1964,16:36:28,40.7,0,488,28.4,29.7,3112
27/05/1964,16:36:29,39.8,0,489,28.4,29.7,3111
27/05/1964,16:36:30,39.6,0,490,28.4,29.9,3110
27/05/1964,16:36:31,40.3,0,491,28.4,29.9,3109
27/05/1964,16:36:32,40.2,0,492,28.3,29.9,3108
27/05/1964,16:36:33,39.9,0,493,28.2,29.9,3107
27/05/1964,16:36:34,39.7,0,494,28.2,29.8,3106
27/05/1964,16:36:35,39.6,0,495,28.2,29.9,3105
27/05/1964,16:36:36,40.3,0,496,28.3,29.9,3104
27/05/1964,16:36:37,40.4,0,497,28.4,30.1,3103
27/05/1964,16:36:38,40.2,0,498,28.4,30.2,3102
27/05/1964,16:36:39,40.3,0,499,28.4,30.2,3101
27/05/1964,16:36:40,40.3,0,500,28.4,30.2,3100
27/05/1964,16:36:41,39.9,0,501,28.4,30.3,3099
27/05/1964,16:36:42,40.2,0,502,28.3,30.2,3098
27/05/1964,16:36:43,40.2,0,503,28.3,30.3,3097
27/05/1964,16:36:44,39.5,0,504,28.3,30.3,3096
27/05/1964,16:36:45,40.5,0,505,28.3,30.4,3095
27/05/1964,16:36:46,39.8,0,506,28.3,30.4,3094
27/05/1964,16:36:47,40.1,0,507,28.4,30.4,3093
27/05/1964,16:36:48,39.8,0,508,28.5,30.4,3092
27/05/1964,16:36:49,40.5,0,509,28.5,30.5,3091
27/05/1964,16:36:50,39.4,0,510,28.5,30.5,3090
27/05/1964,16:36:51,40.4,0,511,28.4,30.5,3089
27/05/1964,16:36:52,40.2,0,512,28.4,30.5,3088
27/05/1964,16:36:53,40.5,0,513,28.4,30.4,3087
27/05/1964,16:36:54,40.4,0,514,28.4,30.4,3086
27/05/1964,16:36:55,40.7,0,515,28.3,30.4,3085
27/05/1964,16:36:56,40.8,0,516,28.3,30.4,3084
27/05/1964,16:36:57,40.5,0,517,28.4,30.4,3083
27/05/1964,16:36:58,40.2,0,518,28.4,30.4,3082
27/05/1964,16:36:59,40.5,0,519,28.4,30.3,3081
27/05/1964,16:37:00,40.5,0,520,28.4,30.3,3080
27/05/1964,16:37:01,40.6,0,521,28.4,30.1,3079
27/05/1964,16:37:02,39.7,0,522,28.3,30.1,3078
27/05/1964,16:37:03,40.7,0,523,28.3,29.9,3077
27/05/1964,16:37:04,40.1,0,524,28.2,29.9,3076
27/05/1964,16:37:05,40.2,0,525,28.2,29.8,3075
27/05/1964,16:37:06,39.8,0,526,28.2,29.7,3074
27/05/1964,16:37:07,40.4,0,527,28,29.7,3073
27/05/1964,16:37:08,39.8,0,528,28,29.4,3072
27/05/1964,16:37:09,40.1,0,529,28,29.3,3071
27/05/1964,16:37:10,40.8,0,530,28,29.3,3070
27/05/1964,16:37:11,40.4,0,531,27.9,29.3,3069
27/05/1964,16:37:12,40.8,0,532,27.9,29.2,3068
27/05/1964,16:37:13,40.5,0,533,27.9,29.1,3067
27/05/1964,16:37:14,40.6,0,534,27.9,29.1,3066
27/05/1964,16:37:15,40.8,0,535,27.9,29,3065
27/05/1964,16:37:16,40.6,0,536,27.9,29,3064
27/05/1964,16:37:17,40.5,0,537,27.8,29,3063
27/05/1964,16:37:18,40.8,0,538,27.6,28.9,3062
27/05/1964,16:37:19,40.7,0,539,27.7,28.8,3061
27/05/1964,16:37:20,40.6,0,540,27.7,28.8,3060
27/05/1964,16:37:21,40.3,0,541,27.7,28.9,3059
27/05/1964,16:37:22,40.6,0,542,27.7,28.9,3058
27/05/1964,16:37:24,40.4,0,543,27.8,29,3057
27/05/1964,16:37:25,40.8,0,544,27.9,29,3056
27/05/1964,16:37:26,40.8,0,545,27.8,29,3055
27/05/1964,16:37:27,39.4,0,546,27.9,29.1,3054
27/05/1964,16:37:28,40.5,0,547,27.8,29.2,3053
27/05/1964,16:37:29,40.3,0,548,28,29.4,3052
27/05/1964,16:37:30,40.7,0,549,28.1,29.5,3051
27/05/1964,16:37:31,40.5,0,550,28,29.6,3050
27/05/1964,16:37:32,40.7,0,551,28.1,29.7,3049
27/05/1964,16:37:33,41,0,552,28.2,29.7,3048
27/05/1964,16:37:34,40.8,0,553,28.2,29.7,3047
27/05/1964,16:37:35,40.2,0,554,28.2,29.7,3046
27/05/1964,16:37:36,40.5,0,555,28.2,29.8,3045
27/05/1964,16:37:37,40.4,0,556,28.2,29.8,3044
27/05/1964,16:37:38,40.3,0,557,28.2,29.8,3043
27/05/1964,16:37:39,40.8,0,558,28.3,29.9,3042
27/05/1964,16:37:40,40.8,0,559,28.3,30,3041
27/05/1964,16:37:41,40.9,0,560,28.3,30,3040
27/05/1964,16:37:42,40.8,0,561,28.3,30,3039
27/05/1964,16:37:43,40.7,0,562,28.3,30.2,3038
27/05/1964,16:37:44,40.4,0,563,28.5,30.2,3037
27/05/1964,16:37:45,40.8,0,564,28.4,30.2,3036
27/05/1964,16:37:46,40.5,0,565,28.4,30.1,3035
27/05/1964,16:37:47,40.7,0,566,28.5,30.1,3034
27/05/1964,16:37:48,41,0,567,28.5,30.2,3033
27/05/1964,16:37:49,40.6,0,568,28.4,30.1,3032
27/05/1964,16:37:50,40.5,0,569,28.5,30.2,3031
27/05/1964,16:37:51,40.7,0,570,28.5,30.2,3030
27/05/1964,16:37:52,40.6,0,571,28.5,30.3,3029
27/05/1964,16:37:52,40.8,0,572,28.6,30.3,3028
27/05/1964,16:37:53,40.9,0,573,28.7,30.3,3027
27/05/1964,16:37:54,40.4,0,574,28.6,30.4,3026
27/05/1964,16:37:55,40.8,0,575,28.6,30.4,3025
27/05/1964,16:37:56,41,0,576,28.5,30.3,3024
27/05/1964,16:37:57,40.6,0,577,28.5,30.3,3023
27/05/1964,16:37:59,40.6,0,578,28.5,30.4,3022
27/05/1964,16:38:00,40.5,0,579,28.5,30.2,3021
27/05/1964,16:38:01,41.6,0,580,28.5,30.2,3020
27/05/1964,16:38:02,40.8,0,581,28.4,30.1,3019
27/05/1964,16:38:03,40.8,0,582,28.4,30,3018
27/05/1964,16:38:04,40.8,0,583,28.3,30,3017
27/05/1964,16:38:05,40.9,0,584,28.3,29.8,3016
27/05/1964,16:38:06,41,0,585,28.3,29.8,3015
27/05/1964,16:38:07,41.8,0,586,28.3,29.8,3014
27/05/1964,16:38:08,40.7,0,587,28.2,29.7,3013
27/05/1964,16:38:09,40.8,0,588,28.1,29.5,3012
27/05/1964,16:38:10,40.7,0,589,28.1,29.4,3011
27/05/1964,16:38:11,41.3,0,590,28,29.3,3010
27/05/1964,16:38:12,40.6,0,591,28,29.3,3009
27/05/1964,16:38:13,40.8,0,592,28,29.2,3008
27/05/1964,16:38:14,40.9,0,593,28,29.2,3007
27/05/1964,16:38:15,40.3,0,594,27.9,29.2,3006
27/05/1964,16:38:16,40.7,0,595,27.9,29.1,3005
27/05/1964,16:38:17,41.5,0,596,27.9,29.1,3004
27/05/1964,16:38:18,41.3,0,597,27.9,29,3003
27/05/1964,16:38:19,41,0,598,27.8,28.9,3002
27/05/1964,16:38:20,41,0,599,27.8,28.9,3001
27/05/1964,16:38:21,41.2,0,600,27.8,28.8,3000
27/05/1964,16:38:22,41.7,0,601,27.8,28.9,2999
27/05/1964,16:38:23,41.3,0,602,27.8,29,2998
27/05/1964,16:38:24,42,0,603,27.9,29.1,2997
27/05/1964,16:38:25,41.7,0,604,27.9,29.1,2996
27/05/1964,16:38:26,41.9,0,605,27.9,29.1,2995
27/05/1964,16:38:27,41.4,0,606,27.9,29.1,2994
27/05/1964,16:38:28,40.9,0,607,27.9,29.3,2993
27/05/1964,16:38:29,41.4,0,608,28,29.4,2992
27/05/1964,16:38:30,40.5,0,609,28,29.4,2991
27/05/1964,16:38:31,40.5,0,610,28,29.5,2990
27/05/1964,16:38:32,41.3,0,611,28.1,29.6,2989
27/05/1964,16:38:33,42.5,0,612,28.1,29.6,2988
27/05/1964,16:38:34,42.5,0,613,28.1,29.7,2987
27/05/1964,16:38:35,42.2,0,614,28.2,29.7,2986
27/05/1964,16:38:36,41.6,0,615,28.1,29.7,2985
27/05/1964,16:38:37,41.6,0,616,28.1,29.7,2984
27/05/1964,16:38:38,42.7,0,617,28.1,29.8,2983
27/05/1964,16:38:39,42.4,0,618,28.1,29.9,2982
27/05/1964,16:38:40,41.3,0,619,28.2,29.9,2981
27/05/1964,16:38:41,41.8,0,620,28.2,29.9,2980
27/05/1964,16:38:42,42.8,0,621,28.2,29.9,2979
27/05/1964,16:38:43,43.5,0,622,28.2,29.9,2978
27/05/1964,16:38:44,42.9,0,623,28.2,29.9,2977
27/05/1964,16:38:45,42.5,0,624,28.2,29.9,2976
27/05/1964,16:38:46,42.5,0,625,28.3,29.9,2975
27/05/1964,16:38:47,41.8,0,626,28.3,30,2974
27/05/1964,16:38:48,42.6,0,627,28.4,30.1,2973
27/05/1964,16:38:49,42.1,0,628,28.4,30,2972
27/05/1964,16:38:50,42.3,0,629,28.5,30.1,2971
27/05/1964,16:38:51,42.3,0,630,28.5,30.1,2970
27/05/1964,16:38:52,42.5,0,631,28.5,30,2969
27/05/1964,16:38:53,42.3,0,632,28.4,30.1,2968
27/05/1964,16:38:54,40.9,0,633,28.4,30.1,2967
27/05/1964,16:38:55,43.3,0,634,28.5,30.2,2966
27/05/1964,16:38:56,42.7,0,635,28.5,30.2,2965
27/05/1964,16:38:57,41.9,0,636,28.4,30.2,2964
27/05/1964,16:38:58,42.4,0,637,28.4,30.2,2963
27/05/1964,16:38:59,42.5,0,638,28.5,30.2,2962
27/05/1964,16:39:00,42.4,0,639,28.4,30.2,2961
27/05/1964,16:39:01,42.1,0,640,28.5,30.2,2960
27/05/1964,16:39:02,41.2,0,641,28.5,30.2,2959
27/05/1964,16:39:03,42.5,0,642,28.4,30.2,2958
27/05/1964,16:39:04,42.2,0,643,28.3,30.2,2957
27/05/1964,16:39:05,42.6,0,644,28.4,30.2,2956
27/05/1964,16:39:06,42.1,0,645,28.3,30.2,2955
27/05/1964,16:39:07,42.6,0,646,28.3,30.2,2954
27/05/1964,16:39:08,42.6,0.27,647,28.3,30.2,2953
27/05/1964,16:39:09,41.9,0,648,28.3,30.2,2952
27/05/1964,16:39:10,43.7,0,649,28.3,30.2,2951
27/05/1964,16:39:11,43.1,0,650,28.3,30.1,2950
27/05/1964,16:39:12,43.7,0,651,28.3,30,2949
27/05/1964,16:39:13,42.8,0,652,28.3,29.9,2948
27/05/1964,16:39:14,42.6,0,653,28.2,29.8,2947
27/05/1964,16:39:15,42.8,0,654,28.1,29.7,2946
27/05/1964,16:39:16,42.4,0,655,28.1,29.6,2945
27/05/1964,16:39:17,43.3,0,656,28.1,29.6,2944
27/05/1964,16:39:18,42.8,0,657,28.1,29.6,2943
27/05/1964,16:39:19,40.6,0,658,28.1,29.5,2942
27/05/1964,16:39:20,43.5,0,659,27.9,29.2,2941
27/05/1964,16:39:21,43.1,0,660,27.8,29.1,2940
27/05/1964,16:39:22,43.9,0,661,27.8,29,2939
27/05/1964,16:39:23,42.5,0,662,27.8,29,2938
27/05/1964,16:39:24,43.4,0,663,27.9,29,2937
27/05/1964,16:39:25,43.8,0.27,664,27.9,28.9,2936
27/05/1964,16:39:26,43.8,0,665,27.8,28.8,2935
27/05/1964,16:39:27,43.6,0,666,27.9,28.8,2934
27/05/1964,16:39:28,43.5,0,667,27.8,28.8,2933
27/05/1964,16:39:29,43.9,0,668,27.8,28.8,2932
27/05/1964,16:39:30,44.7,0,669,27.7,28.6,2931
27/05/1964,16:39:31,43.8,0,670,27.8,28.6,2930
27/05/1964,16:39:32,44.9,0,671,27.8,28.6,2929
27/05/1964,16:39:33,42.5,0,672,27.8,28.8,2928
27/05/1964,16:39:34,43.2,0,673,27.8,28.8,2927
27/05/1964,16:39:35,43,0,674,27.8,28.9,2926
27/05/1964,16:39:36,43.6,0,675,27.8,28.9,2925
27/05/1964,16:39:37,43.6,0,676,27.9,28.9,2924
27/05/1964,16:39:38,43.9,0,677,27.8,29,2923
27/05/1964,16:39:39,43.9,0,678,28,29,2922
27/05/1964,16:39:40,45.1,0,679,28.3,29.2,2921
27/05/1964,16:39:41,44.4,0,680,28.5,29.4,2920
27/05/1964,16:39:42,44.6,0,681,28.4,29.4,2919
27/05/1964,16:39:43,34.9,0,682,28.3,29.4,2918
27/05/1964,16:39:44,44.5,0,683,28.3,29.4,2917
27/05/1964,16:39:45,44.6,0,684,28.3,29.5,2916
27/05/1964,16:39:46,42.9,0,685,28.3,29.6,2915
27/05/1964,16:39:47,43,0,686,28.3,29.6,2914
27/05/1964,16:39:48,43.6,0,687,28.3,29.6,2913
27/05/1964,16:39:49,43.9,0,688,28.3,29.7,2912
27/05/1964,16:39:50,45.6,0,689,28.4,29.9,2911
27/05/1964,16:39:51,44.7,0,690,28.4,29.9,2910
27/05/1964,16:39:52,44.7,0,691,28.4,29.9,2909
27/05/1964,16:39:53,44.9,0,692,28.4,29.9,2908
27/05/1964,16:39:54,44.4,0,693,28.3,29.8,2907
27/05/1964,16:39:55,41.7,0,694,28.4,29.9,2906
27/05/1964,16:39:56,45.3,0,695,28.4,29.9,2905
27/05/1964,16:39:57,44.9,0,696,28.4,29.9,2904
27/05/1964,16:39:58,45.1,0,697,28.4,29.8,2903
27/05/1964,16:39:59,44.9,0,698,28.4,29.9,2902
27/05/1964,16:40:00,46,0,699,28.4,29.9,2901
27/05/1964,16:40:01,45,0,700,28.4,30.1,2900
27/05/1964,16:40:02,45.6,0,701,28.5,30.1,2899
27/05/1964,16:40:03,44.4,0,702,28.4,30.1,2898
27/05/1964,16:40:04,46,0,703,28.4,30.1,2897
27/05/1964,16:40:05,46.1,0,704,28.4,30.1,2896
27/05/1964,16:40:06,45.6,0,705,28.4,30.1,2895
27/05/1964,16:40:07,44.9,0,706,28.5,30.3,2894
27/05/1964,16:40:08,44.4,0,707,28.4,30.3,2893
27/05/1964,16:40:09,45.8,0,708,28.4,30.3,2892
27/05/1964,16:40:10,45.4,0,709,28.4,30.2,2891
27/05/1964,16:40:11,44.2,0,710,28.6,30.3,2890
27/05/1964,16:40:12,45.7,0,711,28.6,30.3,2889
27/05/1964,16:40:13,44.9,0,712,28.7,30.3,2888
27/05/1964,16:40:14,44.8,0,713,28.6,30.3,2887
27/05/1964,16:40:15,46.5,0,714,28.5,30.4,2886
27/05/1964,16:40:16,44.6,0,715,28.6,30.4,2885
27/05/1964,16:40:17,46.5,0,716,28.5,30.4,2884
27/05/1964,16:40:18,45.3,0,717,28.8,30.5,2883
27/05/1964,16:40:19,46.5,0,718,29,30.5,2882
27/05/1964,16:40:20,46.5,0,719,29,30.5,2881
27/05/1964,16:40:21,44.5,0,720,28.9,30.5,2880
27/05/1964,16:40:22,46,0,721,28.9,30.4,2879
27/05/1964,16:40:23,46,0,722,28.9,30.3,2878
27/05/1964,16:40:24,46.7,0,723,28.8,30.2,2877
27/05/1964,16:40:25,46.8,0,724,28.8,30.1,2876
27/05/1964,16:40:26,46.6,0,725,28.6,30,2874
27/05/1964,16:40:27,46.7,0,726,28.5,30,2873
27/05/1964,16:40:28,47.6,0,727,28.5,29.8,2872
27/05/1964,16:40:29,46.5,0,728,28.5,29.7,2871
27/05/1964,16:40:30,46.7,0,729,28.4,29.6,2870
27/05/1964,16:40:31,46.9,0,730,28.1,29.4,2869
27/05/1964,16:40:32,47.4,0,731,28,29.2,2868
27/05/1964,16:40:33,46.5,0,732,28,29.1,2867
27/05/1964,16:40:34,46.7,0,733,28,29.1,2866
27/05/1964,16:40:35,45.8,0,734,27.9,29,2865
27/05/1964,16:40:36,46.8,0,736,27.9,28.9,2864
27/05/1964,16:40:37,46,0,737,27.9,28.9,2863
27/05/1964,16:40:38,46.7,0,738,27.8,28.9,2862
27/05/1964,16:40:39,46.7,0,739,27.8,28.8,2861
27/05/1964,16:40:40,46.7,0,740,27.8,28.8,2860
27/05/1964,16:40:41,46.8,0,741,27.7,28.7,2859
27/05/1964,16:40:42,47.1,0,742,27.7,28.7,2858
27/05/1964,16:40:43,47,0,743,27.7,28.8,2857
27/05/1964,16:40:44,46.5,0,744,27.8,28.9,2856
27/05/1964,16:40:45,46.7,0,745,27.7,29,2855
27/05/1964,16:40:46,47.4,0,746,27.8,29,2854
27/05/1964,16:40:47,46.7,0,747,27.7,29,2853
27/05/1964,16:40:48,47.2,0,748,27.8,29,2852
27/05/1964,16:40:49,48,0,749,27.7,29.1,2851
27/05/1964,16:40:50,48.2,0,750,27.8,29.2,2850
27/05/1964,16:40:51,47.4,0,751,27.9,29.4,2849
27/05/1964,16:40:52,47.1,0,752,27.9,29.4,2848
27/05/1964,16:40:53,47.4,0,753,27.8,29.4,2847
27/05/1964,16:40:54,46.8,0,754,28,29.6,2846
27/05/1964,16:40:55,47,0,755,28.2,29.6,2845
27/05/1964,16:40:56,46.6,0,756,28.2,29.7,2844
27/05/1964,16:40:57,46.6,0.27,757,28.3,29.8,2843
27/05/1964,16:40:58,48.3,0,758,28.2,29.7,2842
27/05/1964,16:40:59,47.1,0,759,28.2,29.8,2841
27/05/1964,16:41:00,48.1,0,760,28.2,29.8,2840
27/05/1964,16:41:01,47.9,0,761,28.4,29.9,2839
27/05/1964,16:41:02,46.9,0,762,28.3,29.9,2838
27/05/1964,16:41:03,48.9,0,763,28.3,30,2837
27/05/1964,16:41:04,48.6,0,764,28.4,30,2836
27/05/1964,16:41:05,48.4,0,765,28.3,30.1,2835
27/05/1964,16:41:06,47.8,0,766,28.4,30.1,2834
27/05/1964,16:41:07,48.3,0,767,28.4,30,2833
27/05/1964,16:41:08,47.7,0,768,28.4,30,2832
27/05/1964,16:41:09,46.7,0,769,28.4,30,2831
27/05/1964,16:41:10,48.9,0,770,28.3,30,2830
27/05/1964,16:41:11,48.5,0,771,28.4,30.1,2829
27/05/1964,16:41:12,49,0,772,28.4,30.1,2828
27/05/1964,16:41:13,48.3,0,773,28.4,30.1,2827
27/05/1964,16:41:14,48.2,0,774,28.5,30.2,2826
27/05/1964,16:41:15,49.5,0,775,28.4,30.2,2825
27/05/1964,16:41:16,49.2,0,776,28.4,30.2,2824
27/05/1964,16:41:17,48.9,0,777,28.4,30.2,2823
27/05/1964,16:41:18,49.3,0,778,28.3,30.2,2822
27/05/1964,16:41:19,48.1,0,779,28.3,30.3,2821
27/05/1964,16:41:20,49,0,780,28.4,30.3,2820
27/05/1964,16:41:21,49.2,0,781,28.4,30.3,2819
27/05/1964,16:41:22,49.4,0,782,28.4,30.3,2818
27/05/1964,16:41:23,49.6,0,783,28.4,30.3,2817
27/05/1964,16:41:24,49,0,784,28.4,30.2,2816
27/05/1964,16:41:25,49.4,0,785,28.4,30.2,2815
27/05/1964,16:41:26,49.4,0,786,28.3,30.1,2814
27/05/1964,16:41:27,49.5,0,787,28.3,30,2813
27/05/1964,16:41:28,47.1,0,788,28.3,29.9,2812
27/05/1964,16:41:29,48.7,0,789,28.3,29.8,2811
27/05/1964,16:41:30,48.6,0,790,28.2,29.7,2810
27/05/1964,16:41:31,49.4,0,791,28.1,29.7,2809
27/05/1964,16:41:32,49.3,0,792,28.1,29.5,2808
27/05/1964,16:41:33,49.6,0,793,28,29.4,2807
27/05/1964,16:41:34,50.2,0,794,28,29.3,2806
27/05/1964,16:41:35,48.8,0,795,28,29.3,2805
27/05/1964,16:41:36,49.9,0,796,28,29.2,2804
27/05/1964,16:41:37,50,0,797,28,29.2,2803
27/05/1964,16:41:38,47.1,0,798,27.9,29.1,2802
27/05/1964,16:41:39,49.7,0,799,27.9,29,2801
27/05/1964,16:41:40,49.7,0,800,27.8,29,2800
27/05/1964,16:41:41,49.7,0,801,27.8,29,2799
27/05/1964,16:41:42,49.7,0,802,27.6,28.7,2798
27/05/1964,16:41:43,48.1,0,803,27.5,28.6,2797
27/05/1964,16:41:44,50.5,0,804,27.5,28.7,2796
27/05/1964,16:41:45,50,0,805,27.5,28.6,2795
27/05/1964,16:41:46,49.8,0,806,27.6,28.7,2794
27/05/1964,16:41:47,50.1,0,807,27.6,28.7,2793
27/05/1964,16:41:48,49.6,0,808,27.8,28.8,2792
27/05/1964,16:41:49,48.9,0,809,27.8,28.8,2791
27/05/1964,16:41:50,51,0,810,27.9,28.9,2790
27/05/1964,16:41:51,52.1,0,811,27.9,29,2789
27/05/1964,16:41:52,51.2,0,812,27.8,29,2788
27/05/1964,16:41:53,52.5,0,813,27.9,29,2787
27/05/1964,16:41:54,49.8,0,814,27.9,29.1,2786
27/05/1964,16:41:55,50.8,0,815,27.8,29.2,2785
27/05/1964,16:41:56,50,0,816,27.8,29.2,2784
27/05/1964,16:41:57,51.1,0,817,27.8,29.2,2783
27/05/1964,16:41:58,51.7,0,818,27.8,29.3,2782
27/05/1964,16:41:59,49.9,0,819,27.8,29.3,2781
27/05/1964,16:42:00,51.4,0,820,27.8,29.3,2780
27/05/1964,16:42:01,50.5,0,821,27.8,29.4,2779
27/05/1964,16:42:02,51.9,0,822,27.9,29.6,2778
27/05/1964,16:42:03,52.5,0,823,28,29.6,2777
27/05/1964,16:42:04,52.3,0,824,27.9,29.6,2776
27/05/1964,16:42:05,51.6,0,825,27.9,29.7,2775
27/05/1964,16:42:06,53,0,826,28,29.8,2774
27/05/1964,16:42:07,51.1,0,827,28,29.7,2773
27/05/1964,16:42:08,53,0,828,28,29.7,2772
27/05/1964,16:42:09,51.4,0,829,28,29.7,2771
27/05/1964,16:42:10,52.4,0,830,28,29.6,2770
27/05/1964,16:42:11,50.9,0,831,28,29.7,2769
27/05/1964,16:42:12,50.7,0,832,28.1,29.8,2768
27/05/1964,16:42:13,52.7,0,833,28.2,29.8,2767
27/05/1964,16:42:14,52.7,0,834,28.2,29.9,2766
27/05/1964,16:42:15,52.9,0,835,28.2,29.9,2765
27/05/1964,16:42:16,52.9,0,836,28.2,29.9,2764
27/05/1964,16:42:17,53.5,0,837,28.1,29.9,2763
27/05/1964,16:42:18,52.4,0,838,28.2,29.9,2762
27/05/1964,16:42:19,52.6,0,839,28.2,29.9,2761
27/05/1964,16:42:20,50.6,0,840,28.2,29.9,2760
27/05/1964,16:42:21,50.2,0,841,28.2,30,2759
27/05/1964,16:42:22,53.1,0,842,28.2,30,2758
27/05/1964,16:42:23,53,0,843,28.2,30,2757
27/05/1964,16:42:24,54.1,0,844,28.2,29.9,2756
27/05/1964,16:42:25,53.7,0,845,28.2,29.9,2755
27/05/1964,16:42:26,53.7,0,846,28.2,29.9,2754
27/05/1964,16:42:27,54.7,0,847,28.2,29.9,2753
27/05/1964,16:42:28,53.8,0,848,28.2,30,2752
27/05/1964,16:42:29,54.6,0,849,28.2,30,2751
27/05/1964,16:42:30,54.4,0,850,28.3,30.1,2750
27/05/1964,16:42:31,49.7,0,851,28.3,30.1,2749
27/05/1964,16:42:32,54.7,0,852,28.5,30.2,2748
27/05/1964,16:42:33,54.7,0,853,28.4,30.2,2747
27/05/1964,16:42:34,54.3,0,854,28.5,30.2,2746
27/05/1964,16:42:35,55,0,855,28.5,30.2,2745
27/05/1964,16:42:36,55,0,856,28.5,30.1,2744
27/05/1964,16:42:37,55.2,0,857,28.4,30.2,2743
27/05/1964,16:42:38,54.9,0,858,28.5,30.2,2742
27/05/1964,16:42:39,55,0,859,28.5,30.2,2741
27/05/1964,16:42:40,55,0,860,28.6,30.3,2740
27/05/1964,16:42:41,55.2,0,861,28.5,30.3,2739
27/05/1964,16:42:42,55.4,0,862,28.5,30.4,2738
27/05/1964,16:42:43,54.9,0,863,28.5,30.4,2737
27/05/1964,16:42:44,55.2,0,864,28.5,30.3,2736
27/05/1964,16:42:45,55.8,0,865,28.5,30.3,2735
27/05/1964,16:42:46,52.5,0,866,28.5,30.3,2734
27/05/1964,16:42:47,55.4,0,867,28.5,30.4,2733
27/05/1964,16:42:48,55.9,0,868,28.5,30.4,2732
27/05/1964,16:42:49,55.4,0,869,28.5,30.5,2731
27/05/1964,16:42:50,55.8,0,870,28.6,30.4,2730
27/05/1964,16:42:51,55.6,0,871,28.6,30.3,2729
27/05/1964,16:42:52,55.5,0,872,28.6,30.2,2728
27/05/1964,16:42:53,55.6,0,873,28.5,30.1,2727
27/05/1964,16:42:54,55.5,0,874,28.5,30,2726
27/05/1964,16:42:55,56.1,0,875,28.5,29.9,2725
27/05/1964,16:42:56,54.3,0,876,28.4,29.8,2724
27/05/1964,16:42:57,55.9,0,877,28.3,29.7,2723
27/05/1964,16:42:58,55.9,0,878,28.3,29.7,2722
27/05/1964,16:42:59,56,0,879,28.2,29.6,2721
27/05/1964,16:43:00,55.9,0,880,28.2,29.5,2720
27/05/1964,16:43:01,56.1,0,881,28.3,29.5,2719
27/05/1964,16:43:02,56.3,0,882,28.2,29.3,2718
27/05/1964,16:43:03,56.3,0,883,27.9,29.1,2717
27/05/1964,16:43:04,54.8,0,884,27.9,29.1,2716
27/05/1964,16:43:05,51.4,0,885,27.9,29,2715
27/05/1964,16:43:06,56.1,0,886,27.9,29,2714
27/05/1964,16:43:07,56.4,0,887,27.8,28.9,2713
27/05/1964,16:43:08,51.2,0,888,27.8,28.9,2712
27/05/1964,16:43:09,56.3,0,889,27.7,28.8,2711
27/05/1964,16:43:10,56.2,0,890,27.7,28.8,2710
27/05/1964,16:43:11,56.3,0,891,27.7,28.8,2709
27/05/1964,16:43:12,56.5,0,892,27.7,28.8,2708
27/05/1964,16:43:13,56.5,0,893,27.6,28.8,2707
27/05/1964,16:43:14,55.9,0,894,27.7,28.9,2706
27/05/1964,16:43:15,56.7,0,895,27.7,29,2705
27/05/1964,16:43:16,56.5,0.27,896,27.7,29,2704
27/05/1964,16:43:17,56.7,0,897,27.7,29,2703
27/05/1964,16:43:18,56.6,0,898,27.7,29,2702
27/05/1964,16:43:19,56.6,0,899,27.8,29,2701
27/05/1964,16:43:20,56.8,0,900,27.9,29.1,2700
27/05/1964,16:43:21,56.7,0,901,27.9,29.2,2699
27/05/1964,16:43:22,56.7,0,902,27.9,29.3,2698
27/05/1964,16:43:23,56.1,0,903,28,29.4,2697
27/05/1964,16:43:24,56.3,0,904,28,29.4,2696
27/05/1964,16:43:25,57.1,0,905,28,29.4,2695
27/05/1964,16:43:26,56.9,0,906,28.1,29.5,2694
27/05/1964,16:43:27,57.1,0,907,28.1,29.5,2693
27/05/1964,16:43:28,57.1,0,908,28.1,29.6,2692
27/05/1964,16:43:29,57.2,0,909,28.1,29.6,2691
27/05/1964,16:43:30,58,0,910,28.1,29.6,2690
27/05/1964,16:43:31,56.5,0,911,28.1,29.6,2689
27/05/1964,16:43:32,56.9,0,912,28.1,29.6,2688
27/05/1964,16:43:33,56.7,0,913,28.2,29.7,2687
27/05/1964,16:43:34,57.1,0.27,914,28.2,29.8,2686
27/05/1964,16:43:35,57.5,0,915,28.3,29.9,2685
27/05/1964,16:43:36,57.6,0,916,28.4,29.9,2684
27/05/1964,16:43:37,56,0,917,28.4,29.9,2683
27/05/1964,16:43:38,57.5,0,918,28.4,30,2682
27/05/1964,16:43:39,57.1,0,919,28.4,30,2681
27/05/1964,16:43:40,57.7,0,920,28.4,29.9,2680
27/05/1964,16:43:41,57.7,0,921,28.4,30,2679
27/05/1964,16:43:42,56.8,0,922,28.4,30.1,2678
27/05/1964,16:43:43,57.4,0,923,28.4,30,2677
27/05/1964,16:43:44,58,0,924,28.4,30.1,2676
27/05/1964,16:43:46,57,0,925,28.4,30.1,2675
27/05/1964,16:43:47,57.8,0,926,28.4,30,2674
27/05/1964,16:43:48,57.4,0,927,28.4,30.1,2673
27/05/1964,16:43:49,57.9,0,928,28.4,30.1,2672
27/05/1964,16:43:50,57.7,0,929,28.6,30.2,2671
27/05/1964,16:43:51,58.2,0,930,28.7,30.2,2670
27/05/1964,16:43:52,57.7,0.27,931,28.6,30.3,2669
27/05/1964,16:43:53,58.2,0,932,28.6,30.4,2668
27/05/1964,16:43:54,58.3,0,933,28.7,30.4,2667
27/05/1964,16:43:54,58.8,0,934,28.7,30.4,2666
27/05/1964,16:43:55,47.1,0,935,28.6,30.4,2665
27/05/1964,16:43:56,58.9,0,936,28.6,30.3,2664
27/05/1964,16:43:57,59,0,937,28.5,30.4,2663
27/05/1964,16:43:58,59.4,0,938,28.5,30.4,2662
27/05/1964,16:43:59,58.2,0,939,28.5,30.4,2661
27/05/1964,16:44:00,58,0,940,28.5,30.3,2660
27/05/1964,16:44:01,58.9,0,941,28.5,30.3,2659
27/05/1964,16:44:02,60.7,0,942,28.5,30.3,2658
27/05/1964,16:44:03,58.2,0,943,28.5,30.2,2657
27/05/1964,16:44:04,58.4,0.27,944,28.5,30.2,2656
27/05/1964,16:44:05,57.3,0,945,28.5,30.2,2655
27/05/1964,16:44:06,58.2,0,946,28.5,30,2654
27/05/1964,16:44:07,58.5,0,947,28.3,30,2653
27/05/1964,16:44:08,58.3,0,948,28.3,29.8,2652
27/05/1964,16:44:09,58,0,949,28.3,29.8,2651
27/05/1964,16:44:10,57.9,0,950,28.3,29.7,2650
27/05/1964,16:44:11,59.2,0,951,28.2,29.6,2649
27/05/1964,16:44:12,60.2,0,952,28.2,29.5,2648
27/05/1964,16:44:13,60.5,0,953,27.9,29.1,2647
27/05/1964,16:44:14,59.9,0,954,27.8,29,2646
27/05/1964,16:44:15,58.4,0,955,27.8,29,2645
27/05/1964,16:44:16,61,0,956,27.8,29,2644
27/05/1964,16:44:17,60.6,0,957,27.8,28.9,2643
27/05/1964,16:44:18,57.3,0,958,27.8,28.9,2642
27/05/1964,16:44:19,57.9,0.27,959,27.8,28.8,2641
27/05/1964,16:44:20,59.2,0,960,27.8,28.8,2640
27/05/1964,16:44:21,60.4,0,961,27.8,28.8,2639
27/05/1964,16:44:23,59.1,0,962,27.7,28.8,2638
27/05/1964,16:44:24,60.4,0,963,27.7,28.7,2637
27/05/1964,16:44:25,60.5,0,964,27.6,28.6,2636
27/05/1964,16:44:26,57.9,0,965,27.7,28.7,2635
27/05/1964,16:44:27,60.5,0,966,27.6,28.8,2634
27/05/1964,16:44:28,59.8,0,967,27.7,28.9,2633
27/05/1964,16:44:29,59.2,0,968,27.7,29,2632
27/05/1964,16:44:30,60.4,0,969,27.7,28.9,2631
27/05/1964,16:44:31,61.3,0,970,27.7,29.1,2630
27/05/1964,16:44:32,61.1,0,971,27.7,29.1,2629
27/05/1964,16:44:33,60.6,0,972,27.8,29.2,2628
27/05/1964,16:44:34,59.6,0,973,27.8,29.2,2627
27/05/1964,16:44:35,61.2,0,974,27.9,29.5,2626
27/05/1964,16:44:36,61.3,0,975,28,29.4,2625
27/05/1964,16:44:37,56.3,0,976,28,29.5,2624
27/05/1964,16:44:38,59.4,0.27,977,27.9,29.4,2623
27/05/1964,16:44:39,60.5,0,978,28,29.6,2622
27/05/1964,16:44:40,59.2,0,979,28,29.5,2621
27/05/1964,16:44:41,59.6,0,980,28,29.6,2620
27/05/1964,16:44:42,59.9,0,981,28,29.6,2619
27/05/1964,16:44:43,58.2,0,982,28,29.6,2618
27/05/1964,16:44:44,61.6,0,983,28,29.6,2617
27/05/1964,16:44:45,61.1,0,984,28.2,29.8,2616
27/05/1964,16:44:46,60.9,0,985,28.1,29.7,2615
27/05/1964,16:44:47,60.7,0,986,28.1,29.7,2614
27/05/1964,16:44:48,61.9,0,987,28.2,29.7,2613
27/05/1964,16:44:49,60.9,0,988,28.2,29.7,2612
27/05/1964,16:44:50,60.7,0,989,28.2,29.7,2611
27/05/1964,16:44:51,61.2,0,990,28.2,29.7,2610
27/05/1964,16:44:52,60.9,0,991,28.2,29.7,2609
27/05/1964,16:44:53,60.8,0,992,28.3,29.7,2608
27/05/1964,16:44:54,60.6,0,993,28.2,29.7,2607
27/05/1964,16:44:55,60.9,0,994,28.3,29.8,2606
27/05/1964,16:44:56,59.8,0,995,28.2,29.8,2605
27/05/1964,16:44:57,61.5,0,996,28.3,29.7,2604
27/05/1964,16:44:58,61.6,0,997,28.2,29.9,2603
27/05/1964,16:44:59,62.5,0,998,28.2,29.8,2602
27/05/1964,16:45:00,61.7,0,999,28.2,29.9,2601
27/05/1964,16:45:01,57,0,1000,28.3,29.9,2600
27/05/1964,16:45:01,61.9,0,1001,28.3,30,2599
27/05/1964,16:45:02,61,0,1002,28.3,30,2598
27/05/1964,16:45:04,62.9,0,1003,28.3,30,2597
27/05/1964,16:45:05,57.9,0,1004,28.2,30,2596
27/05/1964,16:45:06,61.1,0,1005,28.2,30,2595
27/05/1964,16:45:07,62.6,0,1006,28.2,30,2594
27/05/1964,16:45:08,61.9,0,1007,28.2,30,2593
27/05/1964,16:45:09,63.1,0,1008,28.2,30.1,2592
27/05/1964,16:45:10,61.1,0,1009,28.2,30.2,2591
27/05/1964,16:45:11,63.4,0,1010,28.2,30.2,2590
27/05/1964,16:45:12,63.4,0,1011,28.3,30.3,2589
27/05/1964,16:45:13,63.3,0,1012,28.2,30.3,2588
27/05/1964,16:45:14,62.1,0,1013,28.2,30.3,2587
27/05/1964,16:45:15,63.4,0,1014,28.3,30.4,2586
27/05/1964,16:45:16,60.3,0,1015,28.3,30.4,2585
27/05/1964,16:45:17,63.7,0,1016,28.3,30.4,2584
27/05/1964,16:45:18,62.6,0,1017,28.3,30.5,2583
27/05/1964,16:45:19,63.2,0,1018,28.3,30.5,2582
27/05/1964,16:45:20,57.2,0,1019,28.4,30.5,2581
27/05/1964,16:45:21,61.8,0,1020,28.4,30.5,2580
27/05/1964,16:45:22,63,0,1021,28.4,30.5,2579
27/05/1964,16:45:23,63.8,0,1022,28.4,30.5,2578
27/05/1964,16:45:24,63.7,0,1023,28.4,30.5,2577
27/05/1964,16:45:25,63.4,0,1024,28.4,30.5,2576
27/05/1964,16:45:26,62.8,0,1025,28.4,30.5,2575
27/05/1964,16:45:27,61.8,0,1026,28.5,30.5,2574
27/05/1964,16:45:28,63.7,0,1027,28.5,30.5,2573
27/05/1964,16:45:29,63.9,0,1028,28.4,30.3,2572
27/05/1964,16:45:30,63.5,0.27,1029,28.4,30.2,2571
27/05/1964,16:45:31,63.9,0,1030,28.3,30.1,2570
27/05/1964,16:45:32,63.9,0,1031,28.3,29.9,2569
27/05/1964,16:45:33,56.2,0,1032,28.2,29.8,2568
27/05/1964,16:45:34,63.6,0,1033,28.2,29.7,2567
27/05/1964,16:45:35,64.3,0,1034,27.9,29.4,2566
27/05/1964,16:45:36,58.9,0,1035,27.9,29.4,2565
27/05/1964,16:45:37,63.8,0,1036,27.9,29.3,2564
27/05/1964,16:45:38,64.3,0,1037,27.8,29.2,2563
27/05/1964,16:45:39,63.9,0,1038,27.8,29.1,2562
27/05/1964,16:45:40,64,0,1039,27.8,29.1,2561
27/05/1964,16:45:41,64.2,0,1040,27.7,29.1,2560
27/05/1964,16:45:42,64.3,0,1041,27.9,29,2559
27/05/1964,16:45:43,63.4,0,1042,27.7,28.9,2558
27/05/1964,16:45:44,57.9,0,1043,27.7,28.9,2557
27/05/1964,16:45:45,62.8,0,1044,27.7,28.8,2556
27/05/1964,16:45:46,63.5,0,1045,27.6,28.7,2555
27/05/1964,16:45:47,64,0,1046,27.6,28.6,2554
27/05/1964,16:45:48,64.2,0,1047,27.6,28.7,2553
27/05/1964,16:45:49,64.2,0,1048,27.7,28.7,2552
27/05/1964,16:45:50,64.4,0,1049,27.7,28.8,2551
27/05/1964,16:45:51,63.7,0,1050,27.8,28.8,2550
27/05/1964,16:45:52,63.2,0,1051,27.6,28.8,2549
27/05/1964,16:45:53,64.2,0.27,1052,27.7,28.8,2548
27/05/1964,16:45:54,64.5,0,1053,27.7,28.8,2547
27/05/1964,16:45:55,64.6,0,1054,27.8,28.8,2546
27/05/1964,16:45:56,63.8,0,1055,27.9,28.9,2545
27/05/1964,16:45:57,64.7,0,1056,27.9,29.1,2544
27/05/1964,16:45:58,64.9,0,1057,27.9,29.1,2543
27/05/1964,16:45:59,64.8,0,1058,28,29.2,2542
27/05/1964,16:46:00,63.9,0,1059,28,29.3,2541
27/05/1964,16:46:01,62.2,0,1060,28,29.4,2540
27/05/1964,16:46:02,63.9,0,1061,28.1,29.6,2539
27/05/1964,16:46:03,64.1,0,1062,28.1,29.6,2538
27/05/1964,16:46:04,64.3,0,1063,28.1,29.6,2537
27/05/1964,16:46:05,64,0,1064,28.2,29.7,2536
27/05/1964,16:46:06,64.2,0,1065,28.2,29.8,2535
27/05/1964,16:46:07,63.9,0,1066,28.2,29.9,2534
27/05/1964,16:46:08,64.9,0,1067,28.3,29.9,2533
27/05/1964,16:46:09,65.5,0,1068,28.2,29.9,2532
27/05/1964,16:46:10,65.6,0,1069,28.2,29.9,2531
27/05/1964,16:46:11,65.3,0,1070,28.3,29.9,2530
27/05/1964,16:46:12,65.8,0,1071,28.3,29.9,2529
27/05/1964,16:46:13,65.7,0,1072,28.4,29.9,2528
27/05/1964,16:46:14,65.3,0,1073,28.3,29.9,2527
27/05/1964,16:46:15,56.1,0,1074,28.3,29.9,2526
27/05/1964,16:46:16,62.8,0,1075,28.3,29.9,2525
27/05/1964,16:46:17,64.3,0,1076,28.3,29.9,2524
27/05/1964,16:46:18,60.3,0,1077,28.3,30,2523
27/05/1964,16:46:19,65.5,0,1078,28.3,30,2522
27/05/1964,16:46:20,64.5,0,1079,28.3,30.1,2521
